nome,indirizzo,sito web,camere,Ranking,indoor,outdoor,note
Radisson Blu,"Roma, Via Filippo Turati, 171",https://www.radissonhotels.com/,232,1,si,no,
Grand Hotel del Mare,"Bordighera (IM), Via Lungomare Argentina, 9",https://www.grandhoteldelmare.it/,106,1,si,tbd,
GHM Resort,Non specifica (Gruppo),https://www.ghmhotels.com/,0,1,si,tbd,
Toscana Garden Resort,"Sasso Pisano (PI), Via della Fungaia",https://www.toscanagardenresort.it/,40,1,si,si,
IH Hotels Roma Cicerone,"Roma, Via Federico Cesi, 44",https://www.ih-hotels.com/,292,1,si,tbd,
Villa Pieve Country House,"Pievebovigliana (MC), Via Pieve, 44",https://www.villapieve.it/,0,1,si,tbd,
Villa Quaranta Tommasi Wine Hotel e SPA,"Pescantina (VR), Via Ospedaletto, 57",https://www.villaquaranta.com/,77,1,si,si,
Castello della Castelluccia,"Roma, Via Carlo Cavina, 40",https://www.lacastelluccia.com/,48,1,si,tbd,
Palazzo Loup,"Loiano (BO), Via Ronco, 2",https://www.palazzo-loup.it/,36,5,si,si,
Aziende Alberghiere Bettoja S.p.A.,"Roma (sede legale), Via Cavour, 107",https://www.bettojahotels.it/,0,1,si,tbd,
Palazzo di Varignana,"Varignana (BO), Via Ca' Masino, 471/a",https://www.palazzodivarignana.com/,134,1,si,si,
Antiche Scuderie Odescalchi,"Bracciano (RM), Via di Monte della Guardia",https://www.antichescuderieodescalchi.it/,0,1,si,si,
PLH - PIAZZA DI SPAGNA,"Roma, Via del Babuino, 196",https://plhgroup.it/,0,1,si,tbd,
PLH - FONTANA DI TREVI,"Roma, Vicolo Scavolino, 84",https://plhgroup.it/,0,1,si,tbd,
HOTEL PINETA PALACE ROMA,"Roma, Via S. Lino Papa, 35",https://www.hotelpinetapalaceroma.com/,268,1,si,tbd,
Villa Spalletti Trivelli,"Roma, Via Piacenza, 4",https://www.villaspalletti.it/,12,1,si,tbd,
BV BUONE VACANZE,"Brand italiano, necessita di località specifica.",https://www.bvhotels.it/,0,1,si,tbd,
BV Holy Hotel ROMA,"Roma, Via Matteo Boiardo, 16/20",https://www.bvholyhotelroma.it/,80,1,si,tbd,
Warmthotel Roma,"Roma, Viale degli Eroi di Cefalonia, 301",https://www.warmthotel.it/,150,1,si,tbd,
Borgo di Tragliata,"Fiumicino (RM), Via di Tragliata",https://www.tragliata.it/,47,5,si,si,
Casale Doria Pamphilj,"Via della Nocetta, 126, Roma",https://www.casaledoriapamphilj.it/,25,4,si,si,
VILLA MERCEDE,"Via Degli Aldobrandeschi, 14, Frascati (RM)",https://www.villamercede.it/,46,1,si,tbd,
Hotel Villa Pamphili Roma,"Via della Nocetta, 105, Roma",https://www.hotelvillapamphili.com/,240,1,si,tbd,
Parco dei Principi Grand Hotel & SPA,"Via Gerolamo Frescobaldi, 5, Roma",https://www.parcodeiprincipi.com/,179,1,si,si,Villa Borghese
Sina Hotels Bernini Bristol,"Piazza Barberini, 23, Roma",https://www.sinahotels.com/,127,1,si,no,
Hotel Diana Roof Garden,"Via Principe Amedeo, 4, Roma",https://www.hoteldianarome.com/,172,1,si,tbd,
Best Western Plus Hotel Universo,"Via Principe Amedeo, 5/B, Roma",https://www.hoteluniverso.com/,198,1,si,tbd,
C&G Srl (Palazzo Faletti),Palazzo Faletti si riferisce a una location a Roma (Via Panisperna),https://palazzofaletti.com/,0,1,si,tbd,
Centro Convegni Carte Geografiche,"Sede a Roma, Via Napoli, 18",https://www.cartegeografiche.org/,0,1,si,tbd,
Centro Congressi Cavour,"Via Cavour, 50/A, Roma",https://www.centrocavouraffitti.it/,0,1,si,tbd,
"Centro Convegni ""Villa Palestro""","Sede a Milano, Via Palestro, 10",Non trovato facilmente,0,1,si,tbd,
Hotel Caravel,"Via Cristoforo Colombo, 124, Roma",https://www.caravelhotel.it/,180,1,si,tbd,
Atlante Star Hotel,"Via Vitelleschi, 34, Roma",https://www.atlantehotels.com/,70,1,si,tbd,
Casino dell'Aurora Pallavicini Rospigliosi,"Via XXIV Maggio, 43, Roma",https://www.casinoaurorapallavicini.it/,0,1,si,tbd,
Colony Hotel,"Via Monterosi, 18, Roma",https://www.colonyhotel.it/,81,1,si,tbd,
Villa Tuscolana Park Hotel,"Via del Tuscolo, Frascati (RM)",https://www.villatuscolana.com/,100,1,si,si,
Salute Hotel Group,"Gruppo. (Riferimento a una sede, es. Roma)",Non trovato facilmente,0,1,si,tbd,
SHG Hotel Antonella,"Via Pontina, 400, Pomezia (RM)",https://www.shghotelantonella.com/,110,1,si,no,
SHG Hotel Porta Maggiore,"Piazza di Porta Maggiore, Roma",https://www.shgportamaggiore.com/,226,1,si,tbd,
SHG Hotel Bologna,"Via Giambattista Morgagni, 20, Roma",https://www.shghotelbologna.com/,35,1,si,tbd,
SHG Hotel Catullo,"Viale del Lavoro, 35, San Martino Buon Albergo (VR)",https://www.shghotelcatullo.com/,80,1,si,tbd,
SHG Villa Porro Pirelli,"Viale Gianbattista Pirelli, 22, Induno Olona (VA)",https://www.villaporropirelli.com/,64,1,si,si,
SHG Hotel Villa Carlotta,"Via del Lago, 25, Reggello (FI)",https://www.shghotelvillacarlotta.com/,64,1,si,tbd,
SHG Hotel De La Ville,"Via Consolare, 34, Vicenza",https://www.shghoteldelaville.com/,54,1,si,tbd,
SHG Grand Hotel Milano Malpensa,"Via L. Mascheroni, 1, Somma Lombardo (VA)",https://www.shggrandhotelmalpensa.com/,90,1,si,tbd,
Centro Congressi Roma La Nuvola,"Viale Asia, Roma",https://www.romaconventiongroup.it/,125,1,si,no,
Palazzo dei Congressi,"Piazzale Kennedy, 1, Roma",https://palazzocongressi.roma.it/,0,2,si,no,
Holiday Inn Rome - Eur Parco Dei Medici,"Viale Castello della Magliana, 65, Roma",https://www.ihg.com/,0,1,si,si,
Centro Congressi Auditorium della Tecnica,"Viale Tupini, 65, Roma",http://centrocongressi.confindustria.it/,0,1,si,no,
Relais Castello di Casiglio,"Via Cantù, 21, Erba (CO)",https://www.hotelcastellodicasiglio.it/,0,3,si,si,
Green events - Natura Boscaccio,"Via Boscaccio, 38, Trezzano sul Naviglio (MI)",http://www.naturaboscaccio.it/,0,3,si,si,
A.Roma Lifestyle Hotel,"Via Giorgio Zoega, 59, Roma",https://www.hotel-aroma.com/,0,1,si,no,
Castello Odescalchi di Santa Marinella,"Lungomare Guglielmo Marconi, Santa Marinella (RM)",https://www.castellodescalchi.it/,276,1,si,tbd,
PASTRENGO 14 EVENTI,"Via Pastrengo, 14, Milano",https://pastrengo14.com/,0,1,si,tbd,
HOTEL CENACOLO ASSISI,"Viale Patrono d'Italia, 70, Santa Maria degli Angeli (PG)",https://www.hotelcenacolo.it/,0,1,si,no,
HOTEL CASA LEONORI ASSISI,"Via Patrono d'Italia, 34, Santa Maria degli Angeli (PG)",https://www.casaleonori.it/,130,1,si,tbd,
TH RESORTS,Gruppo. Necessita di località specifica.,https://www.thresorts.it/,48,1,si,tbd,
TH Roma - Carpegna Palace Hotel,"Via Aurelia, 481, Roma",https://www.throma.it/,200,2,si,tbd,
Rome Marriott Park Hotel,"Viale Castello della Magliana, 65, Roma",https://www.marriott.com/,200,1,si,no,
COURTYARD BY MARRIOTT ROME CENTRAL PARK,"Viale Bruno Buozzi, 53, Roma",https://www.marriott.com/,601,1,si,tbd,
SCUDERIE SAN CARLO,"Via Francesco Sforza, 79, Milano",https://www.scuderiesancarlo.com/,162,1,si,tbd,
GRAND HOTEL DEL GIANICOLO,"Viale delle Mura Gianicolensi, 107, Roma",https://www.grandhoteldelgianicolo.it/,0,1,si,tbd,
THE WESTIN EXCELSIOR ROME,"Via Vittorio Veneto, 125, Roma",https://www.marriott.com/,49,1,si,tbd,
CHATEAUFORM - LA BORGHESIANA,"Via di Vermicino, 101, Roma",https://www.chateauform.com/,316,2,si,si,
HOTEL DONNA LAURA PALACE,"Lungotevere delle Armi, 67, Roma",https://www.hoteldonnalaura.com/,0,1,si,tbd,
THE HIVE HOTEL,"Via Torino, 6, Roma",https://www.thehivehotel.com/,64,1,si,tbd,
Movie Movie Hotel Roma,"Viale Giorgio Morandi, 147, Roma",https://www.moviemoviehotel.it/,190,1,si,tbd,
BARCELO ARAN MANTEGNA,"Via Andrea Mantegna, 130, Roma",https://www.barcelo.com/,140,1,si,no,
THE CROSS HOTEL,"Viale Papa Giovanni XXIII, 137, Seregno (MB)",https://www.thecrosshotel.it/,323,1,si,tbd,
Chervò Golf Hotel and Resort San Vigilio,"Località San Vigilio, Pozzolengo (BS)",https://www.chervogolfsanvigilio.it/,120,1,si,si,
Castello Orsini Nerola,"Via Aldo Morandi, 1, Nerola (RM)",https://www.castelloorsininerola.it/,0,1,si,si,Probabilmente chiuso
Praia Art Resort,"Località Praialonga, Isola di Capo Rizzuto (KR)",https://www.praiaartresort.com/,45,1,si,tbd,
Mercure Roma West Hotel,"Viale Eroi di Cefalonia, 301, Roma",https://all.accor.com/,30,1,si,tbd,
Qc Terme Hotel Roma,"Via Portuense, 1980, Fiumicino (RM)",https://www.qcterme.com/,215,1,si,si,
Park Hotel ai Cappuccini,"Via Tifernate, Gualdo Tadino (PG)",https://www.parkhotelaicappuccini.it/,60,4,si,si,
ENTERPRISE HOTEL,"Corso Sempione, 91, Milano",https://www.enterprisehotel.com/,90,1,si,tbd,
Casali santa brigida,"Via della Storta, 1146, Roma",https://www.casalidisantabrigida.com/,126,2,si,si,
CASTELLO DI VELONA,"Località Velona, Montalcino (SI)",https://www.castellodivelona.it/,0,1,si,tbd,
Renaissance Tuscany Il Ciocco Resort & Spa,"Località Il Ciocco, Barga (LU)",https://www.marriott.com/,45,3,si,si,
AUDITORIUM DEL MASSIMO,"Via Massimiliano Kolbe, 16, Roma",https://www.auditoriumdelmassimo.it/,0,1,si,tbd,
Galzignano,Comune: Galzignano Terme (PD),https://www.galzignano.it/,400,2,si,si,
HOTEL LITTA PALACE,"Viale Giulio Buffoli, 25, Lainate (MI)",https://www.litta-palace.it/,0,1,si,tbd,
HOTEL QUARK MILANO,"Via Lampedusa, 11/A, Milano",https://www.hotelquark.com/,280,1,si,tbd,
ABBAZIA DI MIRASOLE,"Via Abbiategrasso, 439, Opera (MI)",https://www.abbaziadimirasole.org/,0,4,si,si,
"THE WESTIN PALACE, MILAN","Piazza della Repubblica, 20, Milano",https://www.marriott.com/,0,1,si,tbd,
GRAND VISCONTI PALACE,"Viale Isonzo, 14, Milano",https://www.grandviscontipalace.com/,240,3,si,tbd,
HOTEL GALLES,"Corso Buenos Aires, 90, Milano",https://www.hotelgalles.it/,172,1,si,tbd,
HILTON MILAN,"Via Luigi Galvani, 12, Milano",https://www.hilton.com/,202,1,si,tbd,
RAMADA PLAZA MILANO,"Via Stamira d'Ancona, 27, Milano",https://www.ramadaplazamilano.it/,320,1,si,tbd,
HOTEL CAVOUR,"Via Fatebenefratelli, 21, Milano",https://www.hotelcavour.it/,167,1,si,tbd,
Zacchera Hotels,Gruppo. Sede a Stresa (VB).,https://www.zaccherahotels.com/,,1,si,si,
Villa Carlotta,"Via Regina, 8, Tremezzina (CO)",https://www.villacarlotta.it/,0,1,si,si,
Hotel Excelsior Venice Lido Resort,"Lungomare Guglielmo Marconi, 41, Venezia",https://www.hotelexcelsiorvenezia.com/,28,1,si,tbd,
Hotel Sheraton Parco de' Medici,"Viale Salvatore Rebecchini, 39, Roma",https://www.marriott.com/,197,4,si,si,
Podere Il Casale,"Via della Civitella, 35, Pienza (SI)",https://www.podereilcasale.it/,836,1,si,tbd,
Terme di Saturnia,"Saturnia (GR), Frazione di Manciano",https://www.termedisaturnia.it/,0,1,si,tbd,
La Barchessa di Villa Pisani,"Via Roma, 20, Lonigo (VI)",https://www.villapisani.net/,0,1,si,tbd,
Admiral Park Hotel,"Via S. Pertini, 2, Zola Predosa (BO)",https://www.admiralparkhotel.it/,0,1,si,si,
Sheraton Milan Malpensa Airport Hotel & Conference Centre,"Aeroporto Malpensa Terminal 1, Ferno (VA)",https://www.marriott.com/,116,1,si,tbd,
Marepineta,"Viale Italia, 301, Milano Marittima (RA)",https://www.marepineta.com/,437,1,si,si,Spiaggia
Hotel Pulitzer Roma,"Viale Marconi, 455, Roma",https://www.hotelpulitzer.it/,78,1,si,tbd,
TAU GROUP,Società di consulenza,Non trovato facilmente,84,1,si,tbd,
MENCARELLI GROUP,Gruppo alberghiero,https://www.mencarellihotels.com/,0,1,si,tbd,
Best Western Plus Leone di Messapia hotel & conference,"Via Adriatica, 18, Cavallino (LE)",https://www.leonedimessapia.it/,0,1,si,tbd,
Savhotel Bologna,"Via Parri, 9, Bologna",https://www.savhotel.it/,108,1,si,tbd,
AEMILIA HOTEL,"Via G. Zaccherini Alvisi, 171, Bologna",https://www.aemiliahotel.it/,120,1,si,tbd,
Atlante Hotels di Roma,Gruppo alberghiero (indirizzo generico),https://www.atlantehotels.com/,124,1,si,tbd,
Hotel Ripa Roma,"Via degli Stradivari, 1, Roma",https://www.hotelriparoma.com/,0,1,si,tbd,
CAROLINA DI PANGRAZIO,Nome di persona/professionista,Non applicabile,200,1,si,tbd,
UNAHOTELS Hotel Decò Roma,"Via Vincenzo Gioberti, 75, Roma",https://www.gruppouna.it/,0,1,si,tbd,
Gruppo UNA S.p.A.,Sede legale/gruppo,https://www.gruppouna.it/,172,1,si,tbd,
Palace Hotel,"Largo Vescovo Piacentini, 1, Como",https://www.palacehotel.it/,0,1,si,tbd,
Villa Cariola,"Via Pignatti, 1, Pescantina (VR)",https://www.villacariola.it/,100,1,si,tbd,
Cascina Gabrina,"Via per Monticello, 1, Lurate Caccivio (CO)",http://www.cascinagabrina.com/,0,5,si,si,
Villa Ottoboni,"Via Padova, 102, Padova",https://www.villaottoboni.it/,0,1,si,tbd,
Villa Grazioli Boutique Hotel,"Via Umberto Pavoni, 19, Grottaferrata (RM)",https://www.villagrazioli.com/,0,1,si,si,
Cascina Ovi,"Via Ovi, 6, Segrate (MI)",https://www.cascinaovi.it/,60,1,si,tbd,
Cascina Guzzafame,"Via del Forletto, 121, Milano",https://www.cascinaguzzafame.it/,0,1,si,tbd,
Cascina Selva,"Via Privata Selva, 1, Trezzano sul Naviglio (MI)",https://www.cascinaselva.it/,0,1,si,tbd,
Agriturismo Cascina Battivacco,"Via Cascina Battivacco, 1, Milano",https://www.cascinabattivacco.it/,0,1,si,tbd,
Agriturismo Ranza,"Via Ranza, 27, Trezzano sul Naviglio (MI)",https://www.agriturismoranza.net/,0,1,si,tbd,
Cascina Gaggioli,"Via Selvanesco, 25, Milano",https://www.cascinagaggioli.it/,0,1,si,tbd,
Agriturismo cascina Rosio,"Via F.lli Rosselli, 29, Lacchiarella (MI)",http://www.cascinarosio.it/,0,1,si,tbd,
Cascina Caremma,"Via Cascina Caremma, 2, Besate (MI)",https://www.caremma.com/,14,3,si,si,
Cascina Riazzolo,"Via Ranza, 27, Trezzano sul Naviglio (MI)",http://www.agriturismoriazzolo.com/,0,1,si,tbd,
Castel Brando Hotel,"Via Brandolini, 29, Cison di Valmarino (TV)",https://www.hotelcastelbrando.com/,80,5,si,tbd,
Cascina Erbatici,"Località Isolone, 27, Pavia",https://www.chateauform.com/,0,1,si,si,
Villa Gallarati Scotti,"Via Monte Grappa, 6, Fontaneto d'Agogna (NO)",https://www.chateauform.com/,79,3,si,si,
Relais Franciacorta,"Via Luigi Colla, 2, Corte Franca (BS)",https://www.relaisfranciacorta.it/,40,1,si,si,
Cappuccini Resort,"Via Cappuccini, 1, Cologne (BS)",https://www.cappuccini.it/,14,1,si,si,
Villa Quaranta Park Hotel,"Via Ospedaletto, 57, Pescantina (VR)",https://www.villaquaranta.com/,77,1,si,si,
West Garda Hotel,"Via Agello, 7, Padenghe sul Garda (BS)",https://www.westgardahotel.com/,106,1,si,si,
Golf Hotel Punta Ala,"Via del Gualdo, 2, Castiglione della Pescaia (GR)",https://www.golfhotelpuntaala.it/,105,1,si,si,
Atahotel Expo Fiera,"Via Giorgio Stephenson, 129, Pero (MI)",https://www.atahotels.it/,520,1,si,tbd,
Eas End Studios,"Via Mecenate, 88/A, Milano",https://www.eastendstudios.it/,0,1,si,tbd,
Novotel Milano Malpensa,"Via Alfonso Volta, 201, Cardano al Campo (VA)",https://all.accor.com/,198,1,si,tbd,
Villa Sofia,"Via San Michele, 33, San Michele al Fiume (PU)",https://www.villasofiaitaly.it/,0,1,si,tbd,
Fattoria la Principina,"Via della Principina, 25, Grosseto",https://www.fattorialaprincipina.it/,149,3,si,si,
Poiano Resort,"Via Poiano, 2, Garda (VR)",https://www.poiano.com/,120,1,si,si,
Hotel Parchi Del Garda,"Via Parchi, 7, Lazise (VR)",https://www.hotelparchidelgarda.it/,233,1,si,no,
Aqualux Hotel,"Via Europa Unita, 24/B, Bardolino (VR)",https://www.aqualuxhotel.com/,125,1,si,no,
Hotel Residence Roccamare,"Loc. Roccamare, Castiglione della Pescaia (GR)",https://www.roccamare.it/,46,1,si,si,
Renaissance il Ciocco,"Località Il Ciocco, Barga (LU)",https://www.marriott.com/,150,1,si,si,
Grand Hotel Villa Torretta,"Via Milanese, 3, Sesto San Giovanni (MI)",https://www.villatorretta.it/,77,1,si,si,
Nhow Hotel Milano,"Via Tortona, 35, Milano",https://www.nhow-hotels.com/,246,1,si,no,
Grand Hotel Et,Non specifica. (Presunto: Grand Hotel Et De Milan),Non trovato facilmente,0,1,si,tbd,
A. Roma Hotel,"Via Giorgio Zoega, 59, Roma",https://www.hotel-aroma.com/,276,1,si,no,
Hotel Terme di Stigliano,"Via Bagni di Stigliano, 2, Canale Monterano (RM)",https://www.termedistigliano.it/,54,5,si,tbd,
Qc Terme Roma,"Via Portuense, 2178/a, Fiumicino (RM)",https://www.qcterme.com/,60,1,si,si,
Hotel Sina Bernini Bristol,"Piazza Barberini, 23, Roma",https://www.sinahotels.com/,127,1,si,no,
Shari Vari,"Via di Torre Argentina, 78, Roma",Non trovato facilmente,0,1,si,no,
The Room,"Viale Vittorio Veneto, 14, Milano",https://www.theroommilano.it/,0,1,si,tbd,
Poggio dell'Agnello,"Via del Poggio all'Agnello, 1, Piombino (LI)",https://www.poggioallagnello.it/,0,1,si,si,
Trattoria Arlati,"Via Alberto Nota, 47, Milano",http://www.trattoriaarlati.it/,0,1,si,tbd,
Antico Borgo in Città,"Via Leonardo da Vinci, 7, San Nicolò a Tordino (TE)",http://www.anticoborgoincitta.com/,0,1,si,si,
Romantic Hotel Furno,"Via Ciriè, 12, Caselette (TO)",http://www.romantichoteltorino.com/,54,1,si,tbd,
Cascina Argentera,"Strada Provinciale 166, None (TO)",http://www.cascinargentera.it/,0,1,si,tbd,
Cascina Marchesa,"Via Bizzarri, 6, Settimo Torinese (TO)",https://www.cascinamarchesa.com/,0,1,si,tbd,
Villa sparina Resort,"Frazione Monterotondo, Gavi (AL)",https://www.villasparinaresort.it/,33,1,si,no,
Hard Rock Cafè Roma,"Via Vittorio Veneto, 62A/B, Roma",https://www.hardrockcafe.com/location/rome/,0,1,si,no,
Borgo di Faldo,"Vocabolo Faldo, 5, Montegabbione (TR)",http://www.borgodifaldo.it/,0,1,si,tbd,
Milano Cafè,"Via Ludovico Muratori, 34, Milano",http://www.milanocafe.it/,0,1,si,tbd,
Fabbrica Borroni,"Via Don G. Borroni, 5, Lainate (MI)",http://www.fabbricaborroni.it/,0,1,si,tbd,
Loft 76,"Via Privata Bivio, 12, Milano",https://loft76.it/,0,1,si,tbd,
Officine del volo,"Via Mecenate, 76/5, Milano",http://www.officinedelvolo.it/,0,1,si,no,
Cà Bianca,"Via Ludovico Muratori, 29, Milano",http://www.cabiancamilano.com/,0,1,si,si,
Giulio Pane e Ojo,"Via dei Muratori, 10, Roma",http://www.giuliopaneojo.com/,0,1,si,tbd,
Bar Bianco,"Viale Enrico Ibsen, 4, Milano",http://www.bar-bianco.com/,0,1,si,tbd,
Quanta Club,"Via Assietta, 19, Milano",https://www.quantaclub.com/,0,1,si,tbd,
Teatro Out Off,"Via Mac Mahon, 16, Milano",https://www.teatrooutoff.it/,0,1,si,tbd,
Certosa 1515,"Via Circonvallazione, 11, Avigliana (TO)",http://www.certosa1515.org/,0,1,si,tbd,
Villa Castelletti,"Via di Castelletti, 11/F, Signa (FI)",http://www.villacastelletti.it/,0,1,si,tbd,
Botinero,"Via San Marco, 3, Milano",http://www.botinero.com/,0,1,si,tbd,
PalaBam,"Viale Te, 7, Mantova",https://www.palabam.it/,0,1,si,tbd,
Quirinetta,"Via Marco Minghetti, 5, Roma",http://www.quirinetta.com/,0,1,si,tbd,
Nu Italian Restaurant,"Viale Certosa, 137, Milano",http://www.nu-hotel.com/,40,1,si,tbd,
Teatro Cassina de Pecchi,"Piazza della Libertà, Cassina de' Pecchi (MI)",http://www.cassinadepecchi.gov.it/,0,1,si,tbd,
Campo Teatrale,"Via Cambiasi, 10, Milano",http://www.campoteatrale.it/,0,1,si,tbd,
Bistrot del Teatro,"Via Mac Mahon, 16, Milano",https://www.teatrooutoff.it/,0,1,si,tbd,
White Loft,"Viale Stelvio, 66, Milano",https://www.whataspace.it/,0,1,si,tbd,
Prime Time Loft,"Via Privata della Torre, 20, Milano",http://www.primetimeloft.it/,0,1,si,tbd,
Hotel Arcimboldi,"Viale Sarca, 82, Milano",http://www.hotelarcimboldi.it/,108,1,si,tbd,
Villa Vanzetti,"Via S. Antonio, 2, Cassano d'Adda (MI)",http://www.villavanzetti.it/,0,1,si,tbd,
VillaVerde Hotel e Resort,"Via P. Di Mezzo, 2, Povegliano Veronese (VR)",http://www.villaverderesort.com/,51,1,si,tbd,
Hotel Melia Milano,"Via Masaccio, 19, Milano",https://www.melia.com/,298,1,si,tbd,
Spazio Cantoni,"Via Giorgio Stephenson, 43/A, Milano",http://www.spaziocantoni.com/,0,1,si,tbd,
Snodo Ogr Torino,"Corso Castelfidardo, 22, Torino",http://www.ogrtorino.it/,0,1,si,tbd,
10Watt,"Via Giosuè Borsi, 9, Milano",http://www.10watt.it/,0,1,si,tbd,
Relais Villa d'Assio,"Località Assio, 1, Rieti",http://www.relaisvilladassio.com/,0,1,si,tbd,
Abbazia di Spineto,"Località Spineto, Sarteano (SI)",https://www.abbaziadispineto.com/,0,1,si,si,
Borgo San Luigi,"Località San Luigi, Monteriggioni (SI)",https://www.borgosanluigi.it/,73,3,si,si,
La bagnaia,"Località Bagnaia, 14, Murlo (SI)",https://www.labagnaiaresort.com/,101,4,si,si,
La Tenuta dei Ciclamini,"Località Troscia, 1, Avigliano Umbro (TR)",http://www.iciclamini.it/,55,5,si,si,
I Chiostri,"Via San Barnaba, 48, Milano",http://www.ichiostri.net/,0,1,si,tbd,
Hotel Valle di Assisi,"Via San Rufino, 1, Assisi (PG)",https://www.hotelvallediassisi.it/,169,1,si,si,
Oscard business Center,"Via Enrico Mattei, 26, Bologna",http://businesscenter.bologna.it/,0,1,si,tbd,
Oasi di Kufra,"Lungomare Circe, Sabaudia (LT)",https://www.oasidikufra.com/,133,1,si,si,spiaggia
Hotel Milano,"Via S. Michele del Carso, 10, Milano",https://www.hotelmilano.com/,30,1,si,tbd,
Tenuta Valle Siriaca,"Via Valle Siriaca, 37, Bracciano (RM)",https://vallesiriaca.it/,0,1,si,tbd,
Country Resort Guadalupe,"Strada Provinciale del Pollino, 15, Grosseto",https://www.guadaluperesort.it/,17,1,si,tbd,
ColleMassari Hospitaliy,Gruppo. Azienda agricola a Cinigiano (GR).,https://www.collemassarihospitality.it/,0,1,si,tbd,
BOMA Country House,"Strada Provinciale di Grotte di Castro, 10, Grotte di Castro (VT)",http://www.bomacountryhouse.com/,0,1,si,tbd,
Poggio dei Medici,"Località Poggio dei Medici, 6, Scarperia e San Piero (FI)",https://www.poggiodeimedici.com/,36,1,si,si,
W37T35,"Via Giulio Cesare Procaccini, 35, Milano",https://www.w37.it/,0,1,si,tbd,
It's My,"Via Antonio Vivaldi, 2, Corsico (MI)",https://aveneziani.wixsite.com/galleriaitsmy,0,1,si,tbd,
Superstudio Events,"Via Tortona, 27, Milano",https://www.superstudioevents.com/,0,1,si,tbd,
Palazzo Visconti,"Via Cino del Duca, 8, Milano",https://www.palazzoviscontimilano.com/,0,1,si,tbd,
Tenuta Biodinamica Mara,"Via Strada del Cino, 46, San Clemente (RN)",https://www.tenutamara.com/,0,1,si,tbd,
Borgo Pallavicini Mori,"Via delle Mura, 64, Perugia",http://www.borgopallavicinimori.it/,0,1,si,tbd,
Os Club,"Via delle Terme di Traiano, 4/A, Roma",http://www.osclub.it/,0,1,si,tbd,
Casina Valadier,"Piazza Bucarest, Villa Borghese, Roma",https://www.casinavaladier.com/,0,1,si,si,
Tenuta Valle Cento,"Via Prato della Corte, 3328, Roma",http://www.tenutavallecento.com/,0,1,si,si,
Ristorate Trinità dei Monti,"Piazza Trinità dei Monti, 3, Roma",https://www.ristorantepiazzadispagna.com/,0,1,si,tbd,
Servizi Turistici e Museali della Basilica di Superga (TO),"Strada Basilica di Superga, 73, Torino",http://www.basilicadisuperga.com/,0,1,si,tbd,
Villa Vitetti,"Via Ardeatina, 1877, Roma",https://www.eventilereve.it/,0,1,si,tbd,
Porto Romano,"Via dell'Aeroporto di Fiumicino, 45, Fiumicino (RM)",http://www.portoromano.com/,0,1,si,tbd,
Residenza Paolo VI,"Via Paolo VI, 29, Roma",https://www.residenzapaolovi.com/,35,1,si,tbd,
Villa Valente,"Via San Biagio, 2, Cassano allo Ionio (CS)",http://www.villavalente.com/,0,1,si,tbd,
Cantina Agriturismo Al Rocol,"Via Rocol, 42, Ome (BS)",http://www.alrocol.com/,0,1,si,tbd,
Torre Burchio,"Località Burchio, 16, Reggello (FI)",http://www.torreburchio.com/,0,1,si,si,
La Casella,"Località La Casella, 1, Ficulle (TR)",https://www.lacasella.it/,0,1,si,si,
Teatro San Babila,"Corso Venezia, 2/A, Milano",http://www.teatrosanbabilamilano.it/,0,1,si,tbd,
Villa Erba,"Largo Luchino Visconti, 4, Cernobbio (CO)",https://www.villaerba.it/,0,1,si,tbd,
Pratello Country Resort Boutique Hotel,"Via Poggio, 6, Padenghe sul Garda (BS)",https://www.pratello.it/,20,1,si,tbd,
Villa CastelBarco,"Via G.B. Stucchi, Vaprio d'Adda (MI)",http://www.villacastelbarco.com/,0,1,si,tbd,
Cascina Cuccagna,"Via Cuccagna, 2/4, Milano",http://www.cuccagna.org/,0,1,si,tbd,
La capannina dei franceschi,"Viale Achille Franceschi, 2, Forte dei Marmi (LU)",https://www.lacapanninadifranceschi.com/,0,1,si,si,spiaggia
Du Lac et Du Parc,"Viale Rovereto, 44, Riva del Garda (TN)",https://dulacetduparc.com/,226,1,si,si,
Cross Studio,"Via Watt, 5/A, Milano",http://cross.studio/,0,1,si,tbd,
La Penisola Country Hotel,"Località Punta della Penisola, 2, Talamone (GR)",http://www.lapenisola.com/,25,1,si,tbd,
Le Robinie Golf Club & Resort,"Via per Busto Arsizio, 40, Solbiate Olona (VA)",http://resort.lerobinie.com/,40,1,si,si,
hosteria della musica,"Via Giuseppe Ripamonti, 137, Milano",https://www.hosteriadellamusica.com/,0,1,si,tbd,
Fienile Fluò,"Via di Montecuccolo, 1/5, Bologna",http://www.fienilefluo.it/,0,1,si,tbd,
La Rimessa,"Via Enrico Fermi, 199, Roma",https://www.larimessa.eu/,0,1,si,tbd,
Beach Milano Serenella,"Idroscalo, Via Circonvallazione Idroscalo, 50, Segrate (MI)",http://www.idroscalomilano.com/,0,1,si,tbd,
Sporting Club Milano,"Via C. Parea, 6, Milano",http://www.sportingclubmilano.it/,0,1,si,tbd,
Sporting Club Milano 2,"Strada di Ovest, 2, Segrate (MI)",http://www.sportingclubmilano2.it/,0,1,si,tbd,
Villa Necchi Campiglio,"Via Mozart, 14, Milano",https://www.fondoambiente.it/,0,1,si,tbd,
Antico Benessere,"Strada Provinciale Viterbo-Tuscania, 7, Viterbo",http://www.anticobenessere.it/,0,1,si,tbd,
Antico Borgo La Muratella,"Via della Muratella, 1, Cologno al Serio (BG)",http://www.lamuratella.it/,0,1,si,tbd,
Cascina Canova,"Via Cascina Canova, 2, Lurate Caccivio (CO)",https://www.cascinacanova.com/,0,1,si,tbd,
Villa Federica,"Via San Michele, 33, San Michele al Fiume (PU)",http://www.villafederica.it/,0,1,si,tbd,
La Gallina Bianca,"Via Antonio Gallina, 42, Roma",http://lagallinabiancaroma.it/,0,1,si,tbd,
Corefood,"Via Savona, 12, Milano",http://corefoodmilano.it/,0,1,si,tbd,
Sublime la villa,Via Alessandro Fleming 55 - 00191 Roma (RM),https://www.sublime-lavilla.it/,0,1,si,si,
Tenuta di Ripolo,"Via di Ripolo, 323, Trevignano Romano (RM)",http://www.tenutadiripolo.it/,0,1,si,tbd,
Il Baccanale,"Via Cavour, 167, Roma",https://www.ristoranteilbaccanale.com/,0,1,si,tbd,
Castello di Pavone,"Via Torino, 2, Pavone Canavese (TO)",https://www.castellodipavone.com/,28,1,si,tbd,
Sina Villa Matilde,"Via Della Fornace, 20, Romano Canavese (TO)",https://www.sinahotels.com/,40,1,si,si,
Castello di Rosciano,"Strada Statale 147, Torgiano (PG)",http://www.castellodirosciano.com/,0,1,si,tbd,
Ristorante Le Due Lune,"Via delle Mura, 12, Grottaferrata (RM)",https://www.ristoranteleduelune.com/,0,1,si,tbd,
La Pinacoteca del Tesoriere,"Piazza della Pigna, 13, Roma",http://www.pinacotecadeltesoriere.com/,0,1,si,tbd,
Ex Dogana,"Viale dello Scalo S. Lorenzo, 10, Roma",http://www.exdogana.com/,0,1,si,tbd,
Borgo della Merluzza,"Via della Merluzza, 10, Roma",http://www.borgodellamerluzza.it/,0,1,si,si,
Roccafiore Resort & SPA,"Località Roccafiore, Todi (PG)",https://www.roccafiore.it/,23,1,si,tbd,
Mostrami Factory,"Via G. B. Gaggia, 4, Milano",https://www.mostramifactory.it/,0,1,si,tbd,
Lumière Pisa,"Vicolo del Tidi, 1, Pisa",https://www.lumierepisa.com/,0,1,si,tbd,
Teatro Roma,"Via Umbertide, 3, Roma",https://www.ilteatroroma.it/,0,1,si,tbd,
Villa Draghi,"Via Monte Draghi, Montegrotto Terme (PD)",http://www.associazionevilladraghi.it/,0,1,si,tbd,
Parma Beach Arena,"Parco delle Nazioni Unite, Parma",http://www.coopernuoto.it/,0,1,si,tbd,
Retake Roma,Organizzazione no-profit,https://www.retakeroma.org/,0,1,si,tbd,
Spazio MIL,"Via Luigi Granelli, 1, Sesto San Giovanni (MI)",http://www.spaziomil.org/,0,1,si,tbd,
Parco Avventura Fregene,"Via della Veneziana, Fregene (RM)",http://www.parcoavventurafregene.it/,0,1,si,tbd,
Taverna Visconti trattoria dal 1994,"Via Ruggero di Lauria, 11, Milano",Non trovato facilmente,0,1,si,tbd,
Convento Dei Neveri,"Via Neveri, 2, Bariano (BG)",http://www.conventodeineveri.com/,0,1,si,tbd,
Pergola 15,"Via della Pergola, 15, Firenze",http://www.pergola15.it/,0,1,si,tbd,
Novotel Milano Linate,"Via Alessandro Manzoni, 69, Peschiera Borromeo (MI)",https://all.accor.com/,206,1,si,tbd,
Villa Pace Park Hotel Bolognese,"Viale Bassi, 10, Preganziol (TV)",http://www.hotelbolognese.com/,60,1,si,tbd,
lama di Valle Rosa,"Contrada Lama di Valle Rosa, Pineto (TE)",https://lamadivallerosa.it/,0,1,si,tbd,
Factory NoLo,"Via Zuretti, 61, Milano",Non trovato facilmente,0,1,si,tbd,
Poggio All'Agnello,"Via del Poggio all'Agnello, 1, Piombino (LI)",https://www.poggioallagnello.it/,172,1,si,si,
Conference Florentia Hotel,"Via Agostino Mercati, 31, Firenze",http://www.conferenceflorentiahotel.com/,332,1,si,tbd,
Val Delle Rose,"Località Poggio la Mozza, 1, Grosseto",https://www.valdellerose.it/,0,1,si,tbd,
Villa San Biagio,"Via San Biagio, 10, Osimo (AN)",https://villasanbiagio.it/,0,1,si,tbd,
Villa Campari,"Via Sacra, 1, Sesto San Giovanni (MI)",http://www.villacampariristorante.it/,0,1,si,tbd,
Box66,"Via Gabriele D'Annunzio, 66, Milano",http://www.box66.it/,0,1,si,tbd,
Coquis,"Via Flaminia, 575, Roma",https://coquis.it/,0,1,si,tbd,
Castello di Trebbio,"Via di Santa Brigida, 9, Pontassieve (FI)",http://www.castellodeltrebbio.it/,0,1,si,tbd,
Barcelò Milan,"Via Giorgio Stephenson, 55, Milano",https://www.barcelo.com/,280,1,si,no,
Hotel Ad Gallias,"Via San Michele, 14, San Martino Buon Albergo (VR)",http://hoteladgallias.com/,81,1,si,tbd,
Marcegaglia Hotels & Resorts,Gruppo. Indirizzo generico/sede.,https://www.albarella.it/,0,1,si,tbd,
Big Spaces,"Via Tortona, 27, Milano",https://www.bigspaces.it/,0,1,si,tbd,
Copernico11 Clubroom,"Via Copernico, 11, Milano",https://www.coperni.co/,0,1,si,tbd,
Viberoom,"Viale Monte Nero, 63, Milano",https://www.vibemilano.it/,0,1,si,tbd,
Quantic,"Via L. Muratori, 29, Milano",http://www.quanticmilano.com/,0,1,si,tbd,
Palazzo Arzaga,"Via Arzaga, 1, Calvagese della Riviera (BS)",https://www.palazzoarzaga.it/,84,1,si,tbd,
Villa dei Cedri,"Piazza della Repubblica, 1, Valeggio sul Mincio (VR)",https://www.villadeicedri.it/,0,1,si,tbd,
Capolago Hotel,"Via Per Montorfano, 26, Erba (CO)",https://www.capolago.it/,64,1,si,tbd,
Villa Castello Torrazzetta,"Località Torrazzetta, Borgo Priolo (PV)",https://www.castellotorrazzetta.it/,0,1,si,si,
Villa Fenaroli Palace Hotel,"Via Mazzini, 14, Rezzato (BS)",https://www.villafenaroli.it/,86,1,si,tbd,
Hotel Vulcania,"Via Giuseppe Cimarosa, 10, Catania",https://www.hotelvulcania.it/,40,1,si,tbd,
Go4,"Società/brand generico. (Sede legale, es. Milano)",https://go4drivesafe.com/,0,1,si,tbd,
Casale Certosa,"Via Colle di Mezzo, 56, Roma",http://www.casalecertosa.it/,0,1,si,tbd,
Bosco in città,"Via Adone, 6, Milano",http://www.boscoincitta.it/,0,1,si,tbd,
Il Borro,"Località Il Borro, San Giustino Valdarno (AR)",https://www.ilborro.it/,0,1,si,tbd,
Farina Kitchen,"Via Burlamacchi, 11, Milano",https://pickyourkind.com/farina-kitchen/,0,1,si,tbd,
La Fiorida,"Via Lungo Adda, Mantello (SO)",https://www.lafiorida.com/,28,1,si,tbd,
Acqua e Farina,"Viale Italia, 12, Peschiera Borromeo (MI)",https://www.acquaefarina.bio/,0,1,si,tbd,
Fabbrica Libera,"Via Galileo Galilei, 11, Cornate d'Adda (MB)",https://www.fabbricalibera.bio/,0,1,si,tbd,
Grani & Braci,"Viale della Repubblica, 115, Bergamo",https://www.graniebraci.bio/,0,1,si,tbd,
Il Birrificio di Como,"Via Provinciale, 18, Como",https://www.ilbirrificio.it/,0,1,si,tbd,
Hotel Principe di Savoia (5*),"Piazza della Repubblica, 17, Milano",https://www.dorchestercollection.com/,301,1,si,tbd,
"The Gritti Palace, a Luxury Collection Hotel (5*)","Campo Santa Maria del Giglio, Venezia",https://www.marriott.com/,82,1,si,tbd,
Four Seasons Hotel Firenze (5*),"Borgo Pinti, 99, Firenze",https://www.fourseasons.com/,116,1,si,tbd,
The St. Regis Florence (5*),"Piazza Ognissanti, 1, Firenze",https://www.marriott.com/,99,1,si,tbd,
"Grand Hotel Majestic ""già Baglioni"" (5*)","Via dell'Indipendenza, 6/8, Bologna",https://www.duetorrihotels.com/,109,1,si,tbd,
Grand Hotel Savoia (5*),"Via Arsenale di Terra, 5, Genova",https://www.grandhotelsavoia.it/,128,1,si,tbd,
Sina Centurion Palace (5*),"Dorsoduro, 173, Venezia",https://www.sinahotels.com/,50,1,si,tbd,
Hotel Savoy Florence (5*),"Piazza della Repubblica, 7, Firenze",https://www.roccofortehotels.com/,80,1,si,tbd,
NH Collection Genova Porta Antica (4*),"Viale della Canepa, 14, Genova",https://www.nh-hotels.it/,140,2,si,tbd,
Hotel Splendid Venice – Starhotels Collezione (4*),"San Marco, Mercerie, 760, Venezia",https://www.starhotels.com/,165,1,si,tbd,
Hilton Florence Metropole (4*),"Via del Cavallaccio, 36, Firenze",https://www.hilton.com/,201,1,si,tbd,
NH Collection Torino Santo Stefano (4*),"Via Porta Palatina, 19/21, Torino",https://www.nh-hotels.it/,134,2,si,tbd,
Starhotels Excelsior (4*),"Via P. Pietramellara, 51, Bologna",https://www.starhotels.com/,193,1,si,tbd,
UNAHOTELS Cusani Milano (4*),"Via Tommaso Grossi, 8, Milano",https://www.gruppouna.it/,92,2,si,tbd,
Crowne Plaza Verona Fiera (4*),"Via Legnago, 140, Verona",https://www.ihg.com/,198,1,si,tbd,
Hotel Bristol Palace (4*),"Via XX Settembre, 35, Genova",https://www.hotelbristolpalace.it/,133,1,si,tbd,
Duomo Hotel & Apartments (4*),"Via San Raffaele, 1, Milano",https://www.duomohotel.it/,153,1,si,tbd,
Grand Hotel Sitea (5*),"Via Carlo Alberto, 35, Torino",https://www.hotel-sitea.it/,120,1,si,tbd,
"The Westin Palace, Milan (5*)","Piazza della Repubblica, 20, Milano",https://www.marriott.com/,240,1,si,tbd,
Hotel Ca' Sagredo (5*),"Campo Santa Sofia, Venezia",https://www.casagredohotel.com/,42,1,si,tbd,
Hotel Gallia & Savoia Excelsior (5*),"Piazza Duca d'Aosta, 9, Milano",https://www.marriott.com/,235,1,si,tbd,
Starhotels Metropole (4*),"Via Principe Amadeo, 3, Roma",https://www.starhotels.com/,236,1,si,tbd,
Jolly Hotel Cavour (4*),"Via Fatebenefratelli, 21, Milano",https://www.hotelcavour.it/,110,1,si,tbd,
Hilton Molino Stucky Venice (5*),"Giudecca, 810, Venezia",https://www.hilton.com/,379,1,si,tbd,
Hotel Diana Majestic (4*),"Viale Piave, 42, Milano",https://www.starhotels.com/,157,1,si,tbd,
NH Collection Venezia Grand Hotel Dei Dogi (5*),"Fondamenta Madonna de l'Orto, Cannaregio, 3500, Venezia",https://www.nh-hotels.it/,64,3,si,tbd,
Grand Hotel Des Iles Borromées (5*),"Corso Umberto I, 67, Stresa (VB)",https://www.borromees.com/,163,1,si,tbd,
Starhotels Business Palace (4*),"Via Privata Pietro Gaggia, 4, Milano",https://www.starhotels.com/,258,1,si,tbd,
Hotel Bernini Palace (5*),"Piazza San Firenze, 29, Firenze",https://www.starhotels.com/,74,1,si,tbd,
Atahotel Quark Due (4*),"Via Lampedusa, 11/A, Milano",https://www.atahotels.it/,180,1,si,tbd,
Hotel Ambasciatori (4*),"Via Stalingrado, 70, Bologna",https://www.hotelambasciatori.it/,152,1,si,tbd,
Meliá Genova (5*),"Via Corsica, 4, Genova",https://www.melia.com/,99,1,si,tbd,
Grand Hotel Baglioni (4*),"Piazza dell'Unità Italiana, 6, Firenze",https://www.grandhotelbaglioni.it/,192,1,si,tbd,
Hotel Excelsior Venice Lido Resort (5*),"Lungomare Guglielmo Marconi, 41, Venezia Lido",https://www.hotelexcelsiorvenezia.com/,197,1,si,tbd,
UNAHOTELS Bologna Centro (4*),"Via Luigi Carracci, 8/10, Bologna",https://www.gruppouna.it/,250,1,si,tbd,
Hotel Hermitage (4*),"Via Giuseppe Pezzotti, 13, Milano",https://www.hotelhermitage.it/,106,1,si,tbd,
Savoia Hotel Regency (4*),"Via del Pilastro, 2, Bologna",https://www.savoiahotelregency.it/,86,1,si,tbd,
Hotel Dei Cavalieri (4*),"Piazza Missori, 1, Milano",https://www.hoteldeicavalieri.com/,172,1,si,tbd,
Starhotels Anderson (4*),"Piazza Luigi di Savoia, 20, Milano",https://www.starhotels.com/,249,1,si,tbd,
Aero City Hotel (4*),"Via Francesco Sforza, 79, Milano",https://aerocityhotel.it/,119,1,si,tbd,
DoubleTree by Hilton Milan (4*),"Via Ludovico di Breme, 73, Milano",https://www.hilton.com/,240,1,si,tbd,
Hotel Michelangelo (4*),"Piazza Luigi di Savoia, 6, Milano",https://www.hotelmichelangelo.net/,300,1,si,tbd,
NH Collection Firenze Porta Rossa (5*),"Via della Porta Rossa, 19, Firenze",https://www.nh-hotels.it/,72,1,si,tbd,
Grand Hotel Fasano (5*),"Via Salò, 20, Gardone Riviera (BS)",https://www.ghf.it/,80,1,si,tbd,
Hotel Continental Genova (4*),"Via Arsenale di Terra, 1, Genova",https://www.hotelcontinentalgenova.it/,147,1,si,tbd,
Grand Hotel et de Milan (5*),"Via Alessandro Manzoni, 29, Milano",https://www.grandhoteletdemilan.it/,95,1,si,tbd,
Hotel Londra Palace (5*),"Riva degli Schiavoni, Castello, 4171, Venezia",https://www.londrapalace.com/,53,1,si,tbd,
UNAHOTELS Palace Catania (4*),"Via Etnea, 218, Catania (Unica eccezione a Sud di Roma, per completezza)",https://www.gruppouna.it/,94,1,si,tbd,
The Hive Hotel (4*),"Via Torino, 6, Roma",https://www.thehivehotel.com/,190,1,si,tbd,
Venezia Times Hotel (4*),"Via Donatello, 11, Mestre (VE)",https://www.veneziatimeshotel.com/,60,1,si,tbd,
Hotel Cavour (4*),"Via Fatebenefratelli, 21, Milano",https://www.hotelcavour.it/,110,1,si,tbd,
Hotel Ambasciatori Palace (5*),"Via Vittorio Veneto, 62, Roma",https://www.ambasciatoripalacehotel.it/,152,1,si,tbd,
Hotel NH Collection President (5*),"Largo Augusto, 10, Milano",https://www.nh-hotels.it/,274,3,si,tbd,
Crowne Plaza Rome St. Peter's (4*),"Via Aurelia Antica, 415, Roma",https://www.ihg.com/,315,1,si,tbd,
AC Hotel Torino (4*),"Via Giorgio Ricaldone, 11, Torino",https://www.marriott.com/,89,1,si,tbd,
TH Roma Carpegna Palace Hotel (4*),"Via Aurelia, 481, Roma",https://www.throma.it/,200,1,si,tbd,
Hilton Garden Inn Florence Novoli (4*),"Via Sandro Pertini, 2/3, Firenze",https://www.hilton.com/,121,1,si,tbd,
Best Western Plus Hotel Galles (4*),"Corso Buenos Aires, 90, Milano",https://www.hotelgalles.it/,202,1,si,tbd,
Sheraton Milan Malpensa Airport Hotel (4*),"Terminal 1 Malpensa, Ferno (VA)",https://www.marriott.com/,437,1,si,tbd,
Hotel Novotel Genova City (4*),"Via Antonio Cantore, 8/K, Genova",https://all.accor.com/,222,1,si,tbd,
UNAHOTELS Decò Roma (4*),"Via Vincenzo Gioberti, 75, Roma",https://www.gruppouna.it/,172,1,si,tbd,
Hotel Savoia & Jolanda (4*),"Riva degli Schiavoni, 4187, Venezia",https://www.hotelsavoiajolanda.com/,80,1,si,tbd,
AC Hotel Bologna by Marriott (4*),"Via Mattei, 1, Bologna",https://www.marriott.com/,110,1,si,tbd,
Principe Forte dei Marmi (5*),"Viale Morin, 67, Forte dei Marmi (LU)",https://www.principefortedeimarmi.com/,28,1,si,tbd,
Hotel Dei Pittori (4*),"Via Principe Amedeo, 78, Torino",https://www.hoteldeipittori.com/,46,1,si,tbd,
Hotel Dei Cavalieri (4*),"Piazza Missori, 1, Milano",https://www.hoteldeicavalieri.com/,172,1,si,tbd,
Best Western Plus Tower Hotel Bologna (4*),"Viale Europa, 115, Bologna",https://www.towerhotelbologna.com/,149,1,si,tbd,
UNAHOTELS Versilia Lido - Forte dei Marmi (4*),"Viale A. Vespucci, 2, Camaiore (LU)",https://www.gruppouna.it/,106,2,si,tbd,
Grand Hotel Parker's (5*),"Corso Vittorio Emanuele, 135, Napoli (Eccezione a Sud di Roma, per completezza)",https://www.grandhotelparkers.it/,82,1,si,tbd,
Aero City Hotel Malpensa (4*),"Via Francesco Sforza, 79, Milano",https://aerocityhotel.it/,119,1,si,tbd,
Hotel Artemide (4*),"Via Nazionale, 22, Roma",https://www.hotelartemide.it/,91,1,si,tbd,
Crowne Plaza Milan City (4*),"Via Melchiorre Gioia, 73, Milano",https://www.ihg.com/,109,1,si,tbd,
Hotel Plaza Lucchesi (4*),"Lungarno della Zecca Vecchia, 38, Firenze",https://www.hotelplazalucchesi.it/,87,1,si,tbd,
Grand Hotel Cavour (4*),"Via del Proconsolo, 3, Firenze",https://www.hotelcavour.com/,100,1,si,tbd,
Best Western Hotel Universo (4*),"Via Principe Amedeo, 5/B, Roma",https://www.hoteluniverso.com/,198,1,si,tbd,
Le Méridien Visconti Rome (4*),"Via Federico Cesi, 37, Roma",https://www.marriott.com/,240,1,si,tbd,
Starhotels Terminus (4*),"Piazza Garibaldi, 91, Napoli (Eccezione a Sud di Roma, per completezza)",https://www.starhotels.com/,172,1,si,tbd,
Best Western Plus Hotel Galles (4*),"Corso Buenos Aires, 90, Milano",https://www.hotelgalles.it/,202,1,si,tbd,
NH Collection Venezia Grand Hotel Palazzo dei Dogi (5*),"Fondamenta Madonna de l'Orto, Cannaregio, 3500, Venezia",https://www.nh-hotels.it/,64,1,si,tbd,
"Hotel Danieli, a Luxury Collection Hotel (5*)","Riva degli Schiavoni, Castello, 4196, Venezia",https://www.marriott.com/,93,1,si,tbd,
Hotel Metropole (4*),"Rive del Mandracchio, 1, Trieste",https://www.hotel-metropole.it/,106,1,si,tbd,
UNAHOTELS Decò Roma (4*),"Via Vincenzo Gioberti, 75, Roma",https://www.gruppouna.it/,172,1,si,tbd,
Grand Hotel Ritz (5*),"Via Chelini, 41, Roma",https://www.grandhotelritzroma.com/,103,1,si,tbd,
Hotel De La Ville (5*),"Via Sistina, 69, Roma",https://www.roccofortehotels.com/,104,1,si,tbd,
"The Dorchester Collection, Rome (5*)","Via Vittorio Veneto, 125, Roma",https://www.dorchestercollection.com/,316,1,si,tbd,
Hotel Continentale (4*),"Lungarno Acciaiuoli, 2R, Firenze",https://www.lungarnocollection.com/,43,1,si,tbd,
Palazzo Manfredi (5*),"Via Labicana, 125, Roma",https://www.palazzomanfredi.com/,37,1,si,tbd,
Grand Hotel Principe di Piemonte (5*),"Piazza Giacomo Puccini, 1, Viareggio (LU)",https://www.principedipiemonte.com/,106,1,si,tbd,
Hotel Brunelleschi (4*),"Piazza Santa Elisabetta, 3, Firenze",https://www.brunelleschihotelflorence.com/,96,1,si,tbd,
UNAHOTELS Capotaormina (4*),"Via Nazionale, 105, Taormina (ME) (Eccezione Sud)",https://www.gruppouna.it/,190,1,si,tbd,
Starhotels Grand Milan (4*),"Via G. Vico, 1, Saronno (VA)",https://www.starhotels.com/,194,1,si,tbd,
Hotel Quirinale (4*),"Via Nazionale, 7, Roma",https://www.hotelquirinale.it/,209,1,si,tbd,
Hotel Indigo Verona - Grand Hotel Des Arts (4*),"Corso Porta Nuova, 105, Verona",https://www.ihg.com/,62,1,si,tbd,
Grand Hotel Vanvitelli (4*),"Viale Carlo III, 81020 San Marco Evangelista (CE) (Eccezione Sud)",https://www.grandhotelvanvitelli.it/,240,1,si,tbd,
UNAHOTELS One Siracusa (4*),"Via Sicilia, 121, Siracusa (SR) (Eccezione Sud)",https://www.gruppouna.it/,110,1,si,tbd,
AC Hotel Pisa (4*),"Via Sant'Agostino, 1, Pisa",https://www.marriott.com/,108,1,si,tbd,
Hotel Rivoli Suites (4*),"Via della Scala, 39, Firenze",https://www.rivolihotel.it/,80,1,si,tbd,
Starhotels Duomo (4*),"Via Larga, 19, Milano",https://www.starhotels.com/,150,1,si,tbd,
UNAHOTELS Leone Di Messapia (4*),"Via Adriatica, Cavallino (LE) (Eccezione Sud)",https://www.gruppouna.it/,108,1,si,tbd,
BWH Plus Hotel Universo (4*),"Via Principe Amadeo, 5/B, Roma",https://www.bestwestern.it/,198,1,si,tbd,
"Hotel Cristallo, a Luxury Collection Hotel (5*)","Via R. Menardi, 42, Cortina d'Ampezzo (BL)",https://www.marriott.com/,74,1,si,tbd,
Grand Hotel Cadenabbia (4*),"Via Regina, 1, Griante (CO - Lago di Como)",https://www.grandhotelcadenabbia.it/,193,1,si,tbd,
Grand Hotel Gardone (4*),"Via Zanardelli, 84, Gardone Riviera (BS - Lago di Garda)",https://www.grandhotelgardone.it/,167,1,si,tbd,
Hotel Splendid (4*),"Via Splendida, 1, Desenzano del Garda (BS)",https://www.hotelsplendid-desenzano.it/,82,1,si,tbd,
Grand Hotel Bristol Resort & SPA (4*),"Via Leonardo da Vinci, 4, Rapallo (GE)",https://www.grandhotelbristol.it/,126,1,si,tbd,
Grand Hotel Rimini (5*),"Parco Federico Fellini, 1, Rimini",https://www.grandhotelrimini.com/,117,1,si,tbd,
Hotel Le Palme (4*),"Viale Gabriele D'Annunzio, 84, Riccione (RN)",https://www.hotellepalme.it/,84,1,si,tbd,
Grand Hotel Riccione (5*),"Piazzale G. D'Annunzio, 3, Riccione (RN)",https://www.grandhotelriccione.com/,54,1,si,tbd,
Hotel Lungomare (4*),"Viale Gabriele D'Annunzio, 6, Riccione (RN)",https://www.hlungomare.it/,77,1,si,tbd,
"Hotel Posta, Riva del Garda (4*)","Piazza Catena, 11, Riva del Garda (TN)",https://www.hotelposta.it/,54,1,si,tbd,
Grand Hotel Dino (4*),"Corso Garibaldi, 20, Baveno (VB - Lago Maggiore)",https://www.zaccherahotels.com/,365,1,si,tbd,
Hotel Regina Palace (4*),"Corso Umberto I, 79, Stresa (VB - Lago Maggiore)",https://www.zaccherahotels.com/,167,1,si,tbd,
Grand Hotel Villa Serbelloni (5*),"Via T. Teresio Olivelli, 1, Bellagio (CO - Lago di Como)",https://www.villaserbelloni.com/,95,1,si,tbd,
Villa d'Este (5*),"Via Regina, 40, Cernobbio (CO - Lago di Como)",https://www.villadeste.com/,152,1,si,tbd,
NH Collection Milano President (5*),"Largo Augusto, 10, Milano",https://www.nh-hotels.it/,274,1,si,tbd,
NH Collection Palazzo Verona (5*),"Lungadige Cangrande, 16, Verona",https://www.nh-hotels.it/,70,1,si,tbd,
Starhotels Majestic (4*),"Corso Vittorio Emanuele II, 54, Torino",https://www.starhotels.com/,161,1,si,tbd,
Hotel Victoria Palace (4*),"Viale Dante, 21, Riccione (RN)",https://www.hotelvictoriapalace.it/,49,1,si,tbd,
Hotel Corallo Riccione (4*),"Viale Gabriele D'Annunzio, 107, Riccione (RN)",https://www.corallohotel.com/,106,1,si,tbd,
Hotel Ariston Molino Jacur (4*),"Fondamenta Santa Lucia, 412, Venezia",https://www.hotelaristonmolinojacur.com/,80,1,si,tbd,
UNAHOTELS Expo Fiera Milano (4*),"Via Giovanni Keplero, 12, Pero (MI)",https://www.gruppouna.it/,520,1,si,tbd,
Best Western Plus Hotel Galles (4*),"Corso Buenos Aires, 90, Milano",https://www.hotelgalles.it/,202,1,si,tbd,
Grand Hotel Fasano (5*),"Via Salò, 20, Gardone Riviera (BS - Lago di Garda)",https://www.ghf.it/,80,1,si,tbd,
Hotel Sirmione e Promessi Sposi (4*),"Piazza Castello, 19, Sirmione (BS - Lago di Garda)",https://www.termedisirmione.com/,100,1,si,tbd,
Hilton Lake Como (4*),"Via Borgo Vico, 241, Como (Lago di Como)",https://www.hilton.com/,170,1,si,tbd,
Hotel du Lac (4*),"Via Per Lecco, 1, Bellagio (CO - Lago di Como)",https://www.albergodulac.com/,48,1,si,tbd,
Grand Hotel Des Iles Borromées (5*),"Corso Umberto I, 67, Stresa (VB - Lago Maggiore)",https://www.borromees.com/,163,1,si,tbd,
Hotel Regina Palace (4*),"Corso Umberto I, 79, Stresa (VB - Lago Maggiore)",https://www.zaccherahotels.com/,167,1,si,tbd,
Villa Aminta (5*),"Via Sempione Nord, 123, Stresa (VB - Lago Maggiore)",https://www.villa-aminta.it/,68,1,si,tbd,
Hotel Savoia Regency (4*),"Via del Pilastro, 2, Bologna",https://www.savoiahotelregency.it/,86,1,si,tbd,
I Portici Hotel Bologna (4*),"Via dell'Indipendenza, 69, Bologna",https://www.iporticihotel.com/,89,1,si,tbd,
Hotel NH Collection President (5*),"Largo Augusto, 10, Milano",https://www.nh-hotels.it/,274,1,si,tbd,
UNAHOTELS Vittoria Firenze (4*),"Via Pisana, 59, Firenze",https://www.gruppouna.it/,97,1,si,tbd,
UNAHOTELS Century Milano (4*),"Via Fabio Filzi, 25/27, Milano",https://www.gruppouna.it/,147,1,si,tbd,
Hotel L'Orologio Firenze (4*),"Via Palazzuolo, 19, Firenze",https://www.hotellorologio.com/,50,1,si,tbd,
Hotel Metropole (4*),"Rive del Mandracchio, 1, Trieste",https://www.hotel-metropole.it/,106,1,si,tbd,
Hotel Majestic Palace (4*),"Via Panoramica, 51, Limone sul Garda (BS - Lago di Garda)",https://www.hotelmajesticpalacelimon.it/,180,1,si,tbd,
Hotel Terme Esplanade (5*),"Via Roma, 54, Montegrotto Terme (PD)",https://www.hoteltermegardena.it/,132,1,si,tbd,
Hotel Splendid (4*),"Lungo Lario Trieste, 1, Como",https://www.hotelsplendid.com/,87,1,si,tbd,
"Palazzo Montemartini Rome, A Radisson Collection Hotel (5*)","Largo Giovanni Montemartini, 20, Roma",https://www.radissonhotels.com/,82,1,si,tbd,
Starhotels President (4*),"Lungomare G. Di Vittorio, 10, Genova",https://www.starhotels.com/,123,1,si,tbd,
The Regency Hotel (4*),"Viale Calatafimi, 11, Firenze",https://www.regencyhotel.com/,55,1,si,tbd,
DoubleTree by Hilton Trieste (4*),"Piazza della Repubblica, 1, Trieste",https://www.hilton.com/,125,1,si,tbd,
Hotel Corte Ongaro (4*),"Via Enrico Fermi, 10, Verona",https://www.hotelcorteongaro.com/,58,1,si,tbd,
Hotel Hermitage (4*),"Via Giuseppe Pezzotti, 13, Milano",https://www.hotelhermitage.it/,106,1,si,tbd,
Grand Hotel Principe di Piemonte (5*),"Piazza Giacomo Puccini, 1, Viareggio (LU)",https://www.principedipiemonte.com/,106,1,si,tbd,
"Villa Sassa Hotel, Residence & Spa (4*)","Via Tesserete, 10, Lugano (Svizzera/Frontaliera)",https://www.villasassa.ch/,130,1,si,tbd,
The Park Hotel Ai Cappuccini (5*),"Via Tifernate, Gualdo Tadino (PG)",https://www.parkhotelaicappuccini.it/,92,5,si,tbd,
Hotel Ambasciatori (4*),"Via Stalingrado, 70, Bologna",https://www.hotelambasciatori.it/,152,1,si,tbd,
UNAHOTELS Bologna Centro (4*),"Via Luigi Carracci, 8/10, Bologna",https://www.gruppouna.it/,250,1,si,tbd,
Novotel Parma Centro (4*),"Via Sidney Sonnino, 1, Parma",https://all.accor.com/,120,1,si,tbd,
Best Western Plus Hotel Farnese (4*),"Via Sidoli, 38, Parma",https://www.hotelfarnese.it/,76,1,si,tbd,
UNAHOTELS The One Milano (4*),"Viale Certosa, 155, Milano",https://www.gruppouna.it/,280,1,si,tbd,
Starhotels Business Palace (4*),"Via Privata Pietro Gaggia, 4, Milano",https://www.starhotels.com/,258,1,si,tbd,
Crowne Plaza Milan City (4*),"Via Melchiorre Gioia, 73, Milano",https://www.ihg.com/,109,1,si,tbd,
Hotel La Palma (4*),"Lungolago Giacomo Zanardelli, 39, Stresa (VB - Lago Maggiore)",https://www.hlapalma.it/,120,1,si,tbd,
Grand Hotel Villa Castagnola (5*),"Viale Castagnola, 31, Lugano (Svizzera/Frontaliera)",https://www.villacastagnola.com/,50,1,si,tbd,
TH Pila Grand Hotel Cieloblu (4*),"Frazione Pila, Gressan (AO)",https://www.th-resorts.com/,252,1,si,tbd,
TH Capo Rizzuto Villaggio Corte dei Greci (4*),"Località Marinella, Isola di Capo Rizzuto (KR)",https://www.th-resorts.com/,450,1,si,tbd,
TH Ostuni Marina Novaia (4*),"Contrada Monticelli, Ostuni (BR)",https://www.th-resorts.com/,333,1,si,tbd,
VOI Tanka Village (4*),"Viale Tanka, Villasimius (CA)",https://www.voihotels.com/,498,4,si,tbd,
VOI Arenella Resort (4*),"Località Arenella, Siracusa (SR)",https://www.voihotels.com/,430,4,si,tbd,
UNAHOTELS Expo Fiera Milano (4*),"Via Giovanni Keplero, 12, Pero (MI)",https://www.gruppouna.it/,520,1,si,tbd,
TH Simeri Village (4*),"Località Simeri Mare, Simeri Crichi (CZ)",https://www.th-resorts.com/,480,1,si,tbd,
Grand Hotel & Des Anglais (4*),"Corso Augusto, 14, Rimini",https://www.grandhoteldesanglais.it/,300,1,si,tbd,
Hilton Rome Airport (4*),"Via Arturo Ferrarin, 2, Fiumicino (RM)",https://www.hilton.com/,517,1,si,tbd,
Hotel Sheraton Parco de' Medici (4*),"Viale Salvatore Rebecchini, 39, Roma",https://www.marriott.com/,836,5,si,tbd,
Hotel Holiday Inn Rome Aurelia (4*),"Via Aurelia Km 8,400, Roma",https://www.ihg.com/,282,1,si,tbd,
Starhotels Grand Milan (4*),"Via G. Vico, 1, Saronno (VA)",https://www.starhotels.com/,194,1,si,tbd,
VOI Marsa Siclà Resort (4*),"Contrada Sampieri, Scicli (RG)",https://www.voihotels.com/,260,1,si,tbd,
Hotel Ripa Roma (4*),"Via degli Stradivari, 1, Roma",https://www.hotelriparoma.com/,200,1,si,tbd,
"TH Capo Vaticano Village ""Calabria Le Dune"" (4*)","Località Tono, Ricadi (VV)",https://www.th-resorts.com/,300,1,si,tbd,
TH Marina di Sibari (4*),"Loc. Marina di Sibari, Cassano allo Ionio (CS)",https://www.th-resorts.com/,350,1,si,tbd,
"TH Pugnochiuso Resort ""Gattarella"" (4*)","Località Pugnochiuso, Vieste (FG)",https://www.th-resorts.com/,350,1,si,tbd,
VOI Grand Hotel Mazzarò Sea Palace (5*),"Via Nazionale, 147, Taormina (ME)",https://www.voihotels.com/,88,3,si,tbd,
TH Porto Giardino Resort (4*),"Via S. M. di Leuca, 1, Monopoli (BA)",https://www.th-resorts.com/,350,1,si,tbd,
TH Portorosa Village (4*),"Via Amerigo Vespucci, Furnari (ME)",https://www.th-resorts.com/,300,1,si,tbd,
VOI Alimini Resort (4*),"Località Alimini, Otranto (LE)",https://www.voihotels.com/,307,4,si,tbd,
TH Le Castella Village (4*),"Località Le Castella, Isola di Capo Rizzuto (KR)",https://www.th-resorts.com/,400,1,si,tbd,
TH Marina di Pisticci (4*),"Loc. Marina di Pisticci, Pisticci (MT)",https://www.th-resorts.com/,350,1,si,tbd,
TH Nicotera Beach Village (4*),"Località Nicotera Marina, Nicotera (VV)",https://www.th-resorts.com/,350,1,si,tbd,
Grand Hotel Vanvitelli (4*),"Viale Carlo III, San Marco Evangelista (CE)",https://www.grandhotelvanvitelli.it/,240,1,si,tbd,
Hilton Garden Inn Milan Malpensa (4*),"Via Gabriele d'Annunzio, 12, Somma Lombardo (VA)",https://www.hilton.com/,208,1,si,tbd,
VOI Donna Camilla Savelli Hotel (4*),"Via Garibaldi, 27, Roma",https://www.voihotels.com/,99,5,si,tbd,
Grand Hotel Salerno (4*),"Lungomare Clemente Tafuri, Salerno (SA)",https://www.grandhotelsalerno.it/,270,1,si,tbd,
TH Dolomiti - Grand Hotel Carezza (4*),"Via Dolomiti, 4, Nova Levante (BZ)",https://www.th-resorts.com/,150,1,si,tbd,
Hilton Milan (4*),"Via Luigi Galvani, 12, Milano",https://www.hilton.com/,320,1,si,tbd,
VOI Colonna Village (4*),"Loc. Cala Corallina, Golfo Aranci (SS)",https://www.voihotels.com/,400,1,si,tbd,
Starhotels Excelsior (4*),"Via P. Pietramellara, 51, Bologna",https://www.starhotels.com/,193,1,si,tbd,
UNAHOTELS Decò Roma (4*),"Via Vincenzo Gioberti, 75, Roma",https://www.gruppouna.it/,172,1,si,tbd,
TH San Francesco Village (4*),"Località Peschiera, Desenzano del Garda (BS)",https://www.th-resorts.com/,300,1,si,tbd,
TH Scogliera Village (4*),"Località Scogliera, Isola di Capo Rizzuto (KR)",https://www.th-resorts.com/,300,1,si,tbd,
VOI Baia di Tindari Resort (4*),"Loc. Marina di Portorosa, Furnari (ME)",https://www.voihotels.com/,300,1,si,tbd,
VOI Marsa Siclà Village (4*),"Contrada Sampieri, Scicli (RG)",https://www.voihotels.com/,260,1,si,tbd,
VOI Pizzo Calabro Resort (4*),"Contrada Pizzo, Pizzo (VV)",https://www.voihotels.com/,280,1,si,tbd,
VOI Le Muse Garden Hotel (4*),"Via della Divina Provvidenza, 37, Pompei (NA)",https://www.voihotels.com/,260,1,si,tbd,
TH Otranto Village (4*),"Via dei Laghi Alimini, Otranto (LE)",https://www.th-resorts.com/,300,1,si,tbd,
TH Riva Marina Resort (4*),"Litoranea Torre S. Leonardo, Carovigno (BR)",https://www.th-resorts.com/,371,1,si,tbd,
TH Le Dune Resort (4*),Loc. Campofelice di Roccella (PA),https://www.th-resorts.com/,430,1,si,tbd,
VOI Floriana Resort (4*),Loc. Simeri Crichi (CZ),https://www.voihotels.com/,334,2,si,tbd,
VOI Marsa Siclà Village (4*),"Contrada Sampieri, Scicli (RG)",https://www.voihotels.com/,260,1,si,tbd,
Hotel Terme Merano (4*),"Piazza Terme, 1, Merano (BZ)",https://www.termemerano.it/,139,1,si,tbd,
TH Gardena Hotel (4*),"Via Circonvallazione, 11, Selva di Val Gardena (BZ)",https://www.th-resorts.com/,280,1,si,tbd,
TH Ostuni Marina Novaia (4*),"Contrada Monticelli, Ostuni (BR)",https://www.th-resorts.com/,333,1,si,tbd,
Hilton Garden Inn Florence Novoli (4*),"Via Sandro Pertini, 2/3, Firenze",https://www.hilton.com/,121,1,si,tbd,
Crowne Plaza Rome St. Peter's (4*),"Via Aurelia Antica, 415, Roma",https://www.ihg.com/,315,1,si,tbd,
TH Simeri Village (4*),"Località Simeri Mare, Simeri Crichi (CZ)",https://www.th-resorts.com/,480,1,si,tbd,
Hotel Michelangelo (4*),"Piazza Luigi di Savoia, 6, Milano",https://www.hotelmichelangelo.net/,300,1,si,tbd,
Starhotels Majestic (4*),"Corso Vittorio Emanuele II, 54, Torino",https://www.starhotels.com/,161,1,si,tbd,
UNAHOTELS One Siracusa (4*),"Via Sicilia, 121, Siracusa (SR)",https://www.gruppouna.it/,110,1,si,tbd,
Best Western Plus Tower Hotel Bologna (4*),"Viale Europa, 115, Bologna",https://www.towerhotelbologna.com/,149,1,si,tbd,
VOI Alimini Resort (4*),"Località Alimini, Otranto (LE)",https://www.voihotels.com/,307,1,si,tbd,
TH Capo Rizzuto Villaggio Corte dei Greci (4*),"Località Marinella, Isola di Capo Rizzuto (KR)",https://www.th-resorts.com/,450,1,si,tbd,
VOI Tanka Village (4*),"Viale Tanka, Villasimius (CA)",https://www.voihotels.com/,498,1,si,tbd,
VOI Alimini Serra degli Alimini 3 (4*),"Loc. Alimini, Otranto (LE)",https://www.voihotels.com/,315,1,si,tbd,
"TH Pugnochiuso Resort ""Il Faro"" (4*)","Località Pugnochiuso, Vieste (FG)",https://www.th-resorts.com/,300,1,si,tbd,
TH Le Castella Village (4*),"Località Le Castella, Isola di Capo Rizzuto (KR)",https://www.th-resorts.com/,400,1,si,tbd,
VOI Arenella Resort (4*),"Località Arenella, Siracusa (SR)",https://www.voihotels.com/,430,1,si,tbd,
Falkensteiner Garden Resort Calabria (4*),"Località Salinello, Marina di Sibari (CS)",https://www.falkensteiner.com/,490,1,si,tbd,
VOI Pizzo Calabro Resort (4*),"Contrada Pizzo, Pizzo (VV)",https://www.voihotels.com/,280,1,si,tbd,
TH Marina di Pisticci (4*),"Loc. Marina di Pisticci, Pisticci (MT)",https://www.th-resorts.com/,350,1,si,tbd,
TH Nicotera Beach Village (4*),"Località Nicotera Marina, Nicotera (VV)",https://www.th-resorts.com/,350,1,si,tbd,
Grand Hotel Salerno (4*),"Lungomare Clemente Tafuri, Salerno (SA)",https://www.grandhotelsalerno.it/,270,1,si,tbd,
VOI Baia di Tindari Resort (4*),"Loc. Marina di Portorosa, Furnari (ME)",https://www.voihotels.com/,300,1,si,tbd,
TH Portorosa Village (4*),"Via Amerigo Vespucci, Furnari (ME)",https://www.th-resorts.com/,300,1,si,tbd,
Hilton Rome Airport (4*),"Via Arturo Ferrarin, 2, Fiumicino (RM)",https://www.hilton.com/,517,1,si,tbd,
Sheraton Milan Malpensa Airport Hotel (4*),"Terminal 1 Malpensa, Ferno (VA)",https://www.marriott.com/,437,1,si,tbd,
TH Simeri Village (4*),"Località Simeri Mare, Simeri Crichi (CZ)",https://www.th-resorts.com/,480,1,si,tbd,
Crowne Plaza Rome St. Peter's (4*),"Via Aurelia Antica, 415, Roma",https://www.ihg.com/,315,1,si,tbd,
Hotel Michelangelo (4*),"Piazza Luigi di Savoia, 6, Milano",https://www.hotelmichelangelo.net/,300,1,si,tbd,
UNAHOTELS Expo Fiera Milano (4*),"Via Giovanni Keplero, 12, Pero (MI)",https://www.gruppouna.it/,520,1,si,tbd,
Best Western Plus Hotel Galles (4*),"Corso Buenos Aires, 90, Milano",https://www.hotelgalles.it/,202,1,si,tbd,
Hotel Bristol Palace (4*),"Via XX Settembre, 35, Genova",https://www.hotelbristolpalace.it/,133,1,si,tbd,
Starhotels Excelsior (4*),"Via P. Pietramellara, 51, Bologna",https://www.starhotels.com/,193,1,si,tbd,
Cascina Resta,"Via Sempione, 1, Rho (MI)",https://cascinaresta.it/,0,1,si,tbd,
Agriturismo Cascina Isola,"Via L. Manara, 12, Peschiera Borromeo (MI)",https://cascinaisola.it/,0,1,si,tbd,
Cascina Caremma,"Via Cascina Caremma, 2, Besate (MI)",https://www.caremma.com/,20,1,si,tbd,
Cascina Monlue,"Via Monlue, 6, Milano",https://cascinamonlue.com/,0,1,si,tbd,
Agriturismo La Pieve,"Via Bergamo, 25, Pieve Fissiraga (LO)",https://agriturismolapieve.it/,12,1,si,tbd,
Cascina Maddalena,"Via Maddalena, 5, Sirmione (BS)",https://cascinamaddalena.com/,0,1,si,tbd,
Cascina San Zago,"Via San Zago, 1, Verona",https://casinasanzago.it/,0,1,si,tbd,
Cascina Penna,"Frazione Penna, 72, Castagnole Monferrato (AT)",https://cascinapenna.it/,0,1,si,tbd,
Cascina Ranverso,"Via Cozie, 79, Rivoli (TO)",https://cascinaranverso.it/,0,1,si,tbd,
Agriturismo Cascina Battivacco,"Via Cascina Battivacco, 1, Milano",https://cascinabattivacco.it/,0,1,si,tbd,
Agriturismo La Vispa Teresa,"Via Scaparoni, 40, Alba (CN)",https://lavispateresa.com/,6,1,si,tbd,
Cascina Ovi,"Via Ovi, 6, Segrate (MI)",https://www.cascinaovi.it/,0,1,si,tbd,
Agriturismo Ferdy,"Via Foppa, 1, Lenna (BG)",https://www.agriturismoferdy.com/,12,1,si,tbd,
Cascina Montemezzo,"Via Montemezzo, 1, Lazise (VR)",https://cascinamontemezzo.it/,0,1,si,tbd,
Cascina Marisa,"Via Cascina Marisa, 1, Lacchiarella (MI)",https://cascinamarisa.it/,0,1,si,tbd,
Agriturismo Cascina Marchesa,"Via Bizzarri, 6, Settimo Torinese (TO)",https://cascinamarchesa.com/,0,1,si,tbd,
Cascina Smeralda,"Via Smeralda, 2, Vimercate (MB)",https://cascinasmeralda.it/,0,1,si,tbd,
Agriturismo La Camilla,"Via Dante, 267, Concorezzo (MB)",https://www.lacamilla.it/,20,1,si,tbd,
Cascina Capitanio,"Via Capitanio, 10, Castellinaldo d'Alba (CN)",https://cascinacapitanio.com/,0,1,si,tbd,
Cascina Bellaria,"Via Bellaria, 1, Somma Lombardo (VA)",https://cascinabellaria.com/,0,1,si,tbd,
"Cascina Bellaria, Milano","Via Valvassina, 34, Milano (MI)",https://cascinabellaria.com/,0,1,si,tbd,
Cascina Santa Croce,"Via Santa Croce, 2, Corbetta (MI)",https://cascinasantacroce.it/,0,1,si,tbd,
Agriturismo Cascina Maddalena,"Via Maddalena, 5, Montichiari (BS)",https://cascinamaddalena.com/,0,1,si,tbd,
Cascina Merlata,"Via Gallarate, 204, Milano (MI)",https://cascinamerlata.eu/,0,1,si,tbd,
Cascina Resta,"Via Sempione, 1, Rho (MI)",https://cascinaresta.it/,0,1,si,tbd,
Cascina Gabrina,"Via per Monticello, 1, Lurate Caccivio (CO)",http://www.cascinagabrina.com/,0,1,si,tbd,
Cascina Molino Grande,"Via Molino Grande, 1, Peschiera Borromeo (MI)",https://cascinamolinogrande.it/,0,1,si,tbd,
Cascina Barosca,"Via Barosca, 1, Canelli (AT)",https://cascinabarosca.it/,0,1,si,tbd,
Cascina Capello,"Località Capello, 1, Neive (CN)",https://cascinacapello.it/,0,1,si,tbd,
Agriturismo Cascina Faletta,"Località Faletta, 34, Asti (AT)",https://cascinafaletta.it/,12,1,si,tbd,
Agriturismo Al Rocol,"Via Rocol, 42, Ome (BS)",http://www.alrocol.com/,0,1,si,tbd,
Cascina Diodona,"Via Diodona, 1, Malnate (VA)",https://cascinadiodona.it/,0,1,si,tbd,
Cascina Vittoria,"Via Vittoria, 1, Pieve del Cairo (PV)",https://cascinavittoria.it/,0,1,si,tbd,
Agriturismo Cascina Pezzoli,"Via Cascine Pezzoli, 1, Treviolo (BG)",https://cascinapezzoli.it/,0,1,si,tbd,
Cascina La Campagnola,"Via Campagnola, 1, Valeggio sul Mincio (VR)",https://cascinalacampagnola.it/,0,1,si,tbd,
Agriturismo Corte Moranda,"Via Moranda, 1, Pescantina (VR)",https://cortemoranda.it/,0,1,si,tbd,
Cascina Venara,"Località Venara, 1, Vercelli (VC)",https://cascinavenara.it/,0,1,si,tbd,
Cascina Monastero,"Via Leonardo da Vinci, 1, Settimo Milanese (MI)",https://cascinamonastero.it/,0,1,si,tbd,
Agriturismo Cascina Limido,"Via Cascina Limido, 1, Muggiò (MB)",https://cascinalimido.it/,0,1,si,tbd,
Cascina Ronchetto,"Via Ronchetto, 1, Cardano al Campo (VA)",https://cascinaronchetto.it/,0,1,si,tbd,
Superstudio Più,"Via Tortona, 27, Milano",https://www.superstudiogroup.com/,0,1,si,tbd,
Base Milano,"Via Bergognone, 34, Milano",https://base.milano.it/,0,1,si,tbd,
Fabbrica Orobia 15,"Via Orobia, 15, Milano",https://www.fabbricaorobia15.it/,0,1,si,tbd,
Opificio 31,"Via Tortona, 31, Milano",https://www.opificio31.it/,0,1,si,tbd,
Spazio Fendi,"Via Solari, 35, Milano",https://spaziofendi.it/,0,1,si,tbd,
La Pelota,"Via Palermo, 10, Milano",https://www.lapelota.it/,0,1,si,tbd,
Area 30,"Viale Sarca, 30, Milano",https://area30.it/,0,1,si,tbd,
C/O The Yard Milano,"Piazza Ventiquattro Maggio, 8, Milano",https://www.theyardmilano.com/,30,1,si,tbd,
Palazzo del Ghiaccio,"Via Piranesi, 14, Milano",https://palazzodelghiaccio.it/,0,1,si,tbd,
Spazio 900,"Via Sarpi, 4, Milano",https://spazio900.it/,0,3,si,no,
Magna Pars Event Space,"Via Tortona, 15, Milano",https://magnapars.it/,0,1,si,tbd,
Unicredit Pavilion,"Piazza Gae Aulenti, 10, Milano",https://unicredit.it/,0,1,si,tbd,
Officine del Volo (Già in lista),"Via Mecenate, 76/5, Milano",http://www.officinedelvolo.it/,0,2,si,tbd,
Spazio Copernico Isola,"Via Filippo Sassetti, 32, Milano",https://www.coperni.co/,0,1,si,tbd,
Teatro Vetra,"Piazza Vetra, 1, Milano",https://teatrovetra.it/,0,1,si,tbd,
Fondazione Riccardo Catella,"Via Gaetano de Castillia, 28, Milano",https://fondazionericcardocatella.org/,0,1,si,tbd,
Frigoriferi Milanesi,"Via G. B. Piranesi, 10, Milano",https://frigoriferimilanesi.it/,0,1,si,tbd,
Spazio Etoile 18,"Via Tortona, 18, Milano",https://spazioetoile18.it/,0,1,si,tbd,
Spazio Ansaldo (Mudec),"Via Tortona, 56, Milano",https://mudec.it/,0,1,si,tbd,
Hangar Bicocca,"Via Chiese, 2, Milano",https://pirellihangarbicocca.org/,0,1,si,tbd,
Malpensa Fiere,"Via XI Settembre, 16, Busto Arsizio (VA)",https://www.malpensafiere.it/,0,1,si,tbd,
Lingotto Fiere,"Via Nizza, 294, Torino",https://www.fieralingotto.it/,0,1,si,tbd,
Bologna Fiere,"Viale della Fiera, 20, Bologna",https://www.bolognafiere.it/,0,1,si,tbd,
Padova Fiere (Padova Hall),"Via Niccolò Tommaseo, 59, Padova",https://www.padovafiere.it/,0,1,si,tbd,
Fabbrica del Vapore,"Via Giulio Cesare Procaccini, 4, Milano",https://www.fabbricadelvapore.org/,0,1,si,tbd,
Mico - Milano Congressi,"Piazzale Carlo Magno, 1, Milano",https://www.micomilano.com/,0,1,si,tbd,
Spazio Fiera Milano City,"Viale Scarampo, Milano",https://www.fieramilanocity.it/,0,1,si,tbd,
Hubble Event Space,"Via Privata Benadir, 18, Milano",https://hubbleeventspace.it/,0,1,si,tbd,
Verona Fiere,"Viale del Lavoro, 8, Verona",https://www.veronafiere.it/,0,1,si,tbd,
Fiera di Bergamo,"Via Lunga, s.n.c., Bergamo",https://www.fierabergamo.it/,0,1,si,tbd,
Area Ex Falck,"Area Vasta (Ex acciaierie), Sesto San Giovanni (MI)",,0,1,si,tbd,
Porto Antico di Genova,"Calata Cattaneo, 15, Genova",https://www.portoantico.it/,0,1,si,tbd,
Pala Alpitour,"Corso Sebastopoli, 123, Torino",https://wwwpalaalpitour.it/,0,1,si,tbd,
Fiera di Parma,"Viale delle Esposizioni, 393A, Parma",https://www.fieraparma.it/,0,1,si,tbd,
Palazzo dei Congressi Firenze,"Piazza Adua, 1, Firenze",https://www.firenzefiera.it/,0,1,si,tbd,
Base Milano,"Via Bergognone, 34, Milano",https://base.milano.it/,0,1,si,tbd,
Roma Convention Center La Nuvola,"Viale Asia, Roma (EUR)",https://www.romaconventiongroup.it/,0,1,si,tbd,
Palazzo dei Congressi,"Piazzale Kennedy, 1, Roma (EUR)",https://palazzocongressi.roma.it/,0,1,si,tbd,
Fiera di Roma,"Via Portuense, 1645, Roma (Fiumicino)",https://www.fieraroma.it/,0,1,si,tbd,
Auditorium Parco della Musica,"Viale Pietro de Coubertin, 30, Roma (Flaminio)",https://www.auditorium.com/,0,1,si,tbd,
Ex Dogana,"Viale dello Scalo S. Lorenzo, 10, Roma (San Lorenzo)",https://www.exdogana.com/,0,1,si,tbd,
Palazzo dello Sport (PalaEur),"Piazzale dello Sport, 1, Roma (EUR)",https://www.palazzo-dello-sport.it/,0,1,si,tbd,
Salone delle Fontane,"Via Ciro il Grande, 10, Roma (EUR)",https://www.salonememoriale.com/,0,1,si,tbd,
Stazione Congressi Roma (Roma Termini),"Via Giolitti, 36, Roma (Termini)",https://www.grandistazioni.it/,0,1,si,tbd,
Cinecittà Studios,"Via Tuscolana, 1055, Roma (Cinecittà)",https://cinecittastudios.it/,0,2,si,tbd,
Spazio 900,"Piazza Guglielmo Marconi, 26, Roma (EUR)",https://spazio900.it/,0,1,si,tbd,
Palazzo Brancaccio,"Via Merulana, 248, Roma (Esquilino)",https://palazzobrancaccio.com/,0,1,si,tbd,
Spazio Ruggiero,"Via del Commercio, 36, Roma (Ostiense)",https://spazioruggiero.com/,0,1,si,tbd,
Officine Farneto,"Via dei Monti della Farnesina, 77, Roma (Farneto)",https://officinefarneto.it/,0,2,si,tbd,
Teatro Italia,"Via Bari, 18, Roma (Nomentano)",https://teatroitalia.eu/,0,1,si,tbd,
Città dell'Altra Economia,"Largo Dino Frisullo, Roma (Testaccio)",https://cittadellaltraeconomia.it/,0,1,si,tbd,
Acquario Romano,"Piazza Manfredo Fanti, 47, Roma (Esquilino)",https://acquarioromano.it/,0,1,si,tbd,
